-- MySQL dump 10.13  Distrib 5.1.66, for debian-linux-gnu (i486)
--
-- Host: localhost    Database: ims_threat
-- ------------------------------------------------------
-- Server version	5.1.66-0ubuntu0.10.04.1

/*!40101 SET @OLD_CHARACTER_SET_CLIENT=@@CHARACTER_SET_CLIENT */;
/*!40101 SET @OLD_CHARACTER_SET_RESULTS=@@CHARACTER_SET_RESULTS */;
/*!40101 SET @OLD_COLLATION_CONNECTION=@@COLLATION_CONNECTION */;
/*!40101 SET NAMES utf8 */;
/*!40103 SET @OLD_TIME_ZONE=@@TIME_ZONE */;
/*!40103 SET TIME_ZONE='+00:00' */;
/*!40014 SET @OLD_UNIQUE_CHECKS=@@UNIQUE_CHECKS, UNIQUE_CHECKS=0 */;
/*!40014 SET @OLD_FOREIGN_KEY_CHECKS=@@FOREIGN_KEY_CHECKS, FOREIGN_KEY_CHECKS=0 */;
/*!40101 SET @OLD_SQL_MODE=@@SQL_MODE, SQL_MODE='NO_AUTO_VALUE_ON_ZERO' */;
/*!40111 SET @OLD_SQL_NOTES=@@SQL_NOTES, SQL_NOTES=0 */;

--
-- Table structure for table `exception`
--

DROP TABLE IF EXISTS `exception`;
/*!40101 SET @saved_cs_client     = @@character_set_client */;
/*!40101 SET character_set_client = utf8 */;
CREATE TABLE `exception` (
  `Exp_id` int(11) NOT NULL AUTO_INCREMENT,
  `Exception` varchar(200) DEFAULT NULL,
  `Exp_weight` int(2) DEFAULT NULL,
  PRIMARY KEY (`Exp_id`)
) ENGINE=InnoDB AUTO_INCREMENT=22 DEFAULT CHARSET=gb2312 ROW_FORMAT=COMPRESSED;
/*!40101 SET character_set_client = @saved_cs_client */;

--
-- Dumping data for table `exception`
--

LOCK TABLES `exception` WRITE;
/*!40000 ALTER TABLE `exception` DISABLE KEYS */;
INSERT INTO `exception` VALUES (1,'empty',0),(2,'ipv4-ascii',0),(3,'overflow-general',0),(4,'overflow-slash',0),(5,'overflow-colon',0),(6,'overflow-space',4),(7,'overflow-leftbracket',0),(8,'overflow-rightbracket',0),(9,'overflow-at',4),(10,'overflow-equal',0),(11,'fmtstring',4),(12,'UTF-8',0),(13,'integer-ascii',3),(14,'overflow-host',3),(15,'content-type',0),(16,'ansi-escape',0),(17,'crlf',0),(18,'overflow-null',3),(19,'miss',0),(20,'multi',0),(21,'disorder',0);
/*!40000 ALTER TABLE `exception` ENABLE KEYS */;
UNLOCK TABLES;

--
-- Table structure for table `exp_value_relation`
--

DROP TABLE IF EXISTS `exp_value_relation`;
/*!40101 SET @saved_cs_client     = @@character_set_client */;
/*!40101 SET character_set_client = utf8 */;
CREATE TABLE `exp_value_relation` (
  `Exp_id` int(11) DEFAULT NULL,
  `Value_id` int(11) DEFAULT NULL
) ENGINE=InnoDB DEFAULT CHARSET=gb2312 ROW_FORMAT=COMPRESSED;
/*!40101 SET character_set_client = @saved_cs_client */;

--
-- Dumping data for table `exp_value_relation`
--

LOCK TABLES `exp_value_relation` WRITE;
/*!40000 ALTER TABLE `exp_value_relation` DISABLE KEYS */;
INSERT INTO `exp_value_relation` VALUES (1,1),(2,2),(2,3),(2,4),(2,5),(2,6),(2,7),(2,8),(2,9),(2,10),(2,11),(2,12),(2,13),(2,14),(2,15),(2,16),(2,17),(2,18),(2,19),(2,20),(3,21),(3,22),(3,23),(3,24),(3,25),(3,26),(3,27),(3,28),(3,29),(3,30),(4,31),(4,32),(4,33),(4,34),(4,35),(4,36),(4,37),(4,38),(4,39),(4,40),(5,41),(5,42),(5,43),(5,44),(5,45),(5,46),(5,47),(5,48),(5,49),(5,50),(6,51),(6,52),(6,53),(6,54),(6,55),(6,56),(6,57),(6,58),(6,59),(6,60),(7,61),(7,62),(7,63),(7,64),(7,65),(7,66),(7,67),(7,68),(7,69),(7,70),(8,71),(8,72),(8,73),(8,74),(8,75),(8,76),(8,77),(8,78),(8,79),(8,80),(9,81),(9,82),(9,83),(9,84),(9,85),(9,86),(9,87),(9,88),(9,89),(9,90),(10,91),(10,92),(10,93),(10,94),(10,95),(10,96),(10,97),(10,98),(10,99),(10,100),(11,101),(11,102),(11,103),(11,104),(11,105),(11,106),(11,107),(11,108),(11,109),(11,110),(11,111),(11,112),(11,113),(11,114),(11,115),(11,116),(11,117),(11,118),(11,119),(11,120),(11,121),(11,122),(11,123),(11,124),(11,125),(11,126),(11,127),(11,128),(11,129),(11,130),(11,131),(11,132),(12,133),(12,134),(12,135),(12,136),(12,137),(12,138),(12,139),(12,140),(12,141),(12,142),(12,143),(12,144),(12,145),(12,146),(12,147),(12,148),(12,149),(12,150),(12,151),(12,152),(12,153),(12,154),(12,155),(12,156),(12,157),(12,158),(12,159),(12,160),(12,161),(12,162),(12,163),(12,164),(12,165),(12,166),(12,167),(12,168),(12,169),(12,170),(12,171),(12,172),(12,173),(12,174),(12,175),(12,176),(12,177),(12,178),(12,179),(12,180),(12,181),(12,182),(12,183),(12,184),(12,185),(12,186),(12,187),(12,188),(12,189),(12,190),(12,191),(12,192),(12,193),(12,194),(12,195),(12,196),(12,197),(12,198),(12,199),(12,200),(12,201),(12,202),(13,203),(13,204),(13,205),(13,206),(13,207),(13,208),(13,209),(13,210),(13,211),(13,212),(13,213),(13,214),(13,215),(13,216),(13,217),(13,218),(13,219),(13,220),(13,221),(13,222),(13,223),(13,224),(13,225),(13,226),(13,227),(13,228),(13,229),(13,230),(13,231),(13,232),(13,233),(13,234),(13,235),(13,236),(13,237),(13,238),(13,239),(13,240),(13,241),(13,242),(13,243),(13,244),(13,245),(13,246),(13,247),(13,248),(14,249),(14,250),(14,251),(14,252),(14,253),(14,254),(14,255),(14,256),(14,257),(14,258),(15,259),(16,260),(16,261),(16,262),(16,263),(16,264),(16,265),(16,266),(16,267),(16,268),(16,269),(17,270),(17,271),(17,272),(17,273),(17,274),(17,275),(17,276),(17,277),(17,278),(17,279),(17,280),(17,281),(17,282),(17,283),(17,284),(17,285),(17,286),(17,287),(17,288),(17,289),(18,290),(18,291),(18,292),(18,293),(18,294),(18,295),(18,296),(18,297),(18,298),(18,299),(18,300),(18,301),(18,302),(18,303),(18,304),(18,305),(18,306),(18,307),(18,308),(18,309),(18,310),(18,311),(18,312),(18,313),(18,314),(18,315),(18,316),(18,317),(18,318),(18,319),(18,320),(18,321),(18,322),(18,323),(18,324),(18,325),(19,326),(20,327),(20,328),(20,329),(20,330),(21,331),(21,332),(21,333),(21,334);
/*!40000 ALTER TABLE `exp_value_relation` ENABLE KEYS */;
UNLOCK TABLES;

--
-- Table structure for table `message`
--

DROP TABLE IF EXISTS `message`;
/*!40101 SET @saved_cs_client     = @@character_set_client */;
/*!40101 SET character_set_client = utf8 */;
CREATE TABLE `message` (
  `Msg_section` varchar(100) DEFAULT NULL,
  `Msg_id` int(11) NOT NULL AUTO_INCREMENT,
  `Msg_weight` int(2) DEFAULT NULL,
  PRIMARY KEY (`Msg_id`)
) ENGINE=InnoDB AUTO_INCREMENT=74 DEFAULT CHARSET=gb2312 ROW_FORMAT=COMPRESSED;
/*!40101 SET character_set_client = @saved_cs_client */;

--
-- Dumping data for table `message`
--

LOCK TABLES `message` WRITE;
/*!40000 ALTER TABLE `message` DISABLE KEYS */;
INSERT INTO `message` VALUES ('SIP-Method',1,0),('SIP-Request-URI-SIP',2,0),('SIP-Request-URI-User',3,0),('SIP-Request-URI-Host',4,0),('SIP-Version',5,0),('SIP-Via',6,0),('SIP-Via-Host',7,0),('SIP-Via-Hostcolon',8,0),('SIP-Via-Hostport',9,0),('SIP-Via-Version',10,0),('SIP-Via-Tag',11,0),('SIP-From',12,6),('SIP-From-Displayname',13,3),('SIP-From-Tag',14,0),('SIP-From-Colon',15,0),('SIP-From-URI-SIP',16,0),('SIP-From-URI-User',17,4),('SIP-From-URI-Host',18,3),('SIP-Contact',19,0),('SIP-Contact-Displayname',20,3),('SIP-Contact-URI',21,3),('SIP-Contact-Left-Paranthesis',22,0),('SIP-Contact-Right-Paranthesis',23,0),('SIP-To',24,6),('SIP-To-Displayname',25,0),('SIP-To-URI',26,3),('SIP-To-Tag',27,0),('SIP-To-Left-Paranthesis',28,0),('SIP-To-Right-Paranthesis',29,0),('SIP-Call-Id',30,0),('SIP-Call-Id-Value',31,6),('SIP-Call-Id-At',32,4),('SIP-Call-Id-Ip',33,6),('SIP-Expires',34,0),('SIP-Max-Forwards',35,0),('SIP-Cseq',36,0),('SIP-Cseq-Integer',37,3),('SIP-Cseq-String',38,3),('SIP-Content-Type',39,0),('SIP-Content-Type-App',40,4),('SIP-Content-Type-Prto',41,0),('SIP-Content-Length',42,6),('SIP-Request-CRLF',43,0),('CRLF-Request',44,0),('SDP-Attribute-CRLF',45,0),('SDP-Proto-v',46,0),('SDP-Proto-v-Identifier',47,0),('SDP-Proto-v-Equal',48,0),('SDP-Proto-v-Integer',49,0),('SDP-Origin',50,0),('SDP-Origin-Username',51,0),('SDP-Origin-Sessionid',52,0),('SDP-Origin-Networktype',53,0),('SDP-Origin-Ip',54,0),('SDP-Session',55,0),('SDP-Connection',56,0),('SDP-Connection-Networktype',57,0),('SDP-Connection-Ip',58,0),('SDP-Time',59,0),('SDP-Time-Start',60,0),('SDP-Time-Stop',61,0),('SDP-Media',62,6),('SDP-Media-Media',63,0),('SDP-Media-Port',64,0),('SDP-Media-Transport',65,0),('SDP-Media-Type',66,0),('SDP-Attribute',67,0),('SDP-Attribute-Rtpmap',68,0),('SDP-Attribute-Colon',69,0),('SDP-Attribute-Payloadtype',70,0),('SDP-Attribute-Encodingname',71,0),('SDP-Attribute-Slash',72,0),('SDP-Attribute-Clockrate',73,0);
/*!40000 ALTER TABLE `message` ENABLE KEYS */;
UNLOCK TABLES;

--
-- Table structure for table `msg_exp_relation`
--

DROP TABLE IF EXISTS `msg_exp_relation`;
/*!40101 SET @saved_cs_client     = @@character_set_client */;
/*!40101 SET character_set_client = utf8 */;
CREATE TABLE `msg_exp_relation` (
  `Exp_id` int(11) DEFAULT NULL,
  `Msg_id` int(11) DEFAULT NULL
) ENGINE=InnoDB DEFAULT CHARSET=gb2312 ROW_FORMAT=REDUNDANT;
/*!40101 SET character_set_client = @saved_cs_client */;

--
-- Dumping data for table `msg_exp_relation`
--

LOCK TABLES `msg_exp_relation` WRITE;
/*!40000 ALTER TABLE `msg_exp_relation` DISABLE KEYS */;
INSERT INTO `msg_exp_relation` VALUES (1,1),(3,1),(6,1),(11,1),(12,1),(16,1),(18,1),(20,1),(21,1),(1,2),(3,2),(11,2),(18,2),(1,3),(3,3),(11,3),(18,3),(1,4),(3,4),(14,4),(1,5),(3,5),(4,5),(11,5),(19,6),(20,6),(21,6),(1,7),(2,7),(3,7),(11,7),(12,7),(18,7),(1,8),(5,8),(1,9),(13,9),(1,10),(3,10),(4,10),(11,10),(1,11),(3,11),(10,11),(11,11),(13,11),(19,12),(20,12),(21,12),(1,13),(3,13),(6,13),(11,13),(12,13),(16,13),(18,13),(1,14),(3,14),(10,14),(11,14),(13,14),(1,15),(5,15),(1,16),(3,16),(11,16),(18,16),(1,17),(3,17),(11,17),(18,17),(1,18),(3,18),(14,18),(19,19),(20,19),(21,19),(1,20),(3,20),(6,20),(11,20),(12,20),(16,20),(18,20),(1,21),(3,21),(11,21),(18,21),(1,22),(7,22),(1,23),(8,23),(19,24),(20,24),(21,24),(1,25),(3,25),(6,25),(11,25),(12,25),(16,25),(18,25),(1,26),(3,26),(11,26),(18,26),(1,27),(3,27),(10,27),(11,27),(13,27),(1,28),(7,28),(1,29),(8,29),(19,30),(20,30),(21,30),(1,31),(3,31),(6,31),(11,31),(12,31),(16,31),(18,31),(1,32),(9,32),(1,33),(2,33),(3,33),(11,33),(12,33),(1,34),(13,34),(19,34),(20,34),(21,34),(1,35),(13,35),(19,35),(20,35),(21,35),(19,36),(20,36),(21,36),(1,37),(13,37),(1,38),(3,38),(6,38),(11,38),(12,38),(16,38),(18,38),(19,39),(20,39),(21,39),(1,40),(3,40),(6,40),(11,40),(12,40),(15,40),(16,40),(18,40),(1,41),(3,41),(6,41),(11,41),(12,41),(15,41),(16,41),(18,41),(1,42),(13,42),(19,42),(20,42),(21,42),(1,43),(17,43),(1,44),(17,44),(1,45),(17,45),(19,46),(20,46),(21,46),(1,47),(3,47),(6,47),(11,47),(12,47),(16,47),(18,47),(1,48),(10,48),(1,49),(13,49),(19,50),(20,50),(21,50),(1,51),(3,51),(6,51),(11,51),(12,51),(16,51),(18,51),(1,52),(13,52),(1,53),(3,53),(6,53),(11,53),(12,53),(16,53),(18,53),(1,54),(2,54),(3,54),(11,54),(12,54),(1,55),(3,55),(6,55),(11,55),(12,55),(16,55),(18,55),(19,56),(20,56),(21,56),(1,57),(3,57),(6,57),(11,57),(12,57),(18,57),(1,58),(2,58),(3,58),(11,58),(12,58),(19,59),(20,59),(21,59),(1,60),(13,60),(1,61),(19,62),(20,62),(21,62),(1,63),(3,63),(6,63),(11,63),(12,63),(16,63),(18,63),(1,64),(13,64),(1,65),(3,65),(6,65),(11,65),(16,65),(18,65),(1,66),(13,66),(19,67),(21,67),(1,68),(3,68),(6,68),(11,68),(16,68),(18,68),(1,69),(5,69),(1,70),(13,70),(1,71),(13,71),(1,72),(4,72),(1,73),(13,73),(19,1);
/*!40000 ALTER TABLE `msg_exp_relation` ENABLE KEYS */;
UNLOCK TABLES;

--
-- Table structure for table `value`
--

DROP TABLE IF EXISTS `value`;
/*!40101 SET @saved_cs_client     = @@character_set_client */;
/*!40101 SET character_set_client = utf8 */;
CREATE TABLE `value` (
  `Value` varchar(1000) DEFAULT NULL,
  `Value_id` int(11) NOT NULL AUTO_INCREMENT,
  `Value_weight` int(2) DEFAULT NULL,
  PRIMARY KEY (`Value_id`)
) ENGINE=InnoDB AUTO_INCREMENT=335 DEFAULT CHARSET=gb2312 ROW_FORMAT=REDUNDANT;
/*!40101 SET character_set_client = @saved_cs_client */;

--
-- Dumping data for table `value`
--

LOCK TABLES `value` WRITE;
/*!40000 ALTER TABLE `value` DISABLE KEYS */;
INSERT INTO `value` VALUES ('empty',1,0),('10.10.10.1',2,0),('10.10.10.0',3,0),('10.10.10.256',4,0),('10.10.10.-1',5,0),('10.10.10.4095',6,0),('10.10.10.a',7,0),('-255.10.10.1',8,0),('0.10.10.0',9,0),('-1',10,0),('v.x.y.z',11,0),('%s%x%n',12,0),('%.127d',13,0),('%.555d',14,0),('%.999d',15,0),('%.1270d',16,0),('%.4097d',17,0),('%.9999d',18,0),('%.12700d',19,0),('%.127000d',20,0),('a(3)',21,0),('a(9)',22,0),('a(33)',23,0),('a(65)',24,0),('a(257)',25,0),('a(1025)',26,0),('a(2049)',27,0),('a(8193)',28,0),('a(65537)',29,0),('a(131073)',30,0),('/(3)',31,0),('/(9)',32,0),('/(33)',33,0),('/(65)',34,0),('/(257)',35,0),('/(1025)',36,0),('/(2049)',37,0),('/(8193)',38,0),('/(65537)',39,0),('/(131073)',40,0),(':(3)',41,0),(':(9)',42,0),(':(33)',43,0),(':(65)',44,0),(':(257)',45,0),(':(1025)',46,0),(':(2049)',47,0),(':(8193)',48,0),(':(65537)',49,0),(':(131073)',50,0),('\" \"(3)',51,0),('\" \"(9)',52,0),('\" \"(33)',53,0),('\" \"(65)',54,0),('\" \"(257)',55,0),('\" \"(1025)',56,0),('\" \"(2049)',57,0),('\" \"(8193)',58,0),('\" \"(65537)',59,0),('\" \"(131073)',60,0),('<(3)',61,0),('<(9)',62,0),('<(33)',63,0),('<(65)',64,0),('<(257)',65,0),('<(1025)',66,0),('<(2049)',67,0),('<(8193)',68,0),('<(65537)',69,0),('<(131073)',70,0),('>(3)',71,0),('>(9)',72,0),('>(33)',73,0),('>(65)',74,0),('>(257)',75,0),('>(1025)',76,0),('>(2049)',77,0),('>(8193)',78,0),('>(65537)',79,0),('>(131073)',80,0),('@(3)',81,0),('@(9)',82,0),('@(33)',83,0),('@(65)',84,0),('@(257)',85,0),('@(1025)',86,0),('@(2049)',87,0),('@(8193)',88,0),('@(65537)',89,0),('@(131073)',90,0),('=(3)',91,0),('=(9)',92,0),('=(33)',93,0),('=(65)',94,0),('=(257)',95,0),('=(1025)',96,0),('=(2049)',97,0),('=(8193)',98,0),('=(65537)',99,0),('=(131073)',100,0),('%.127d',101,0),('%.555d',102,0),('%.999d',103,0),('%.1270d',104,0),('%.4097d',105,0),('%.9999d',106,0),('%.12700d',107,0),('%.127000d',108,0),('%n(12)%x(12)',109,0),('%n(120)%x(120)',110,0),('%n(1200)%x(1200)',111,0),('%s(3)',112,0),('%s(65)',113,0),('%s(127)',114,0),('%s(2049)',115,0),('%s(65537)',116,0),('%*d(3)',117,0),('%*d(65)',118,0),('%*d(127)',119,0),('%*d(2049)',120,0),('%*d(65537)',121,0),('%.*s(9)',122,0),('%.*s(128)',123,0),('%.*d(5)',124,0),('%.*d(65)',125,0),('%*.*s(17)',126,0),('%*.*s(1024)',127,0),('s%(3)',128,0),('s%(65)',129,0),('s%(127)',130,0),('s%(2049)',131,0),('s%(65537)',132,0),('0x80(5)',133,0),('0x80(17)',134,0),('0x80(33)',135,0),('0x80(65)',136,0),('0x80(127)',137,0),('0x80(257)',138,0),('0x80(1025)',139,0),('0x80(2049)',140,0),('0x80(8193)',141,0),('0x80(65537)',142,0),('0xc00x80(5)',143,0),('0xc00x80(17)',144,0),('0xc00x80(33)',145,0),('0xc00x80(65)',146,0),('0xc00x80(127)',147,0),('0xc00x80(257)',148,0),('0xc00x80(1025)',149,0),('0xc00x80(2049)',150,0),('0xc00x80(8193)',151,0),('0xc00x80(65537)',152,0),('0xe00x80(5)',153,0),('0xe00x80(17)',154,0),('0xe00x80(33)',155,0),('0xe00x80(65)',156,0),('0xe00x80(127)',157,0),('0xe00x80(257)',158,0),('0xe00x80(1025)',159,0),('0xe00x80(2049)',160,0),('0xe00x80(8193)',161,0),('0xe00x80(65537)',162,0),('0xf00x80(5)',163,0),('0xf00x80(17)',164,0),('0xf00x80(33)',165,0),('0xf00x80(65)',166,0),('0xf00x80(127)',167,0),('0xf00x80(257)',168,0),('0xf00x80(1025)',169,0),('0xf00x80(2049)',170,0),('0xf00x80(8193)',171,0),('0xf00x80(65537)',172,0),('0xf80x80(5)',173,0),('0xf80x80(17)',174,0),('0xf80x80(33)',175,0),('0xf80x80(65)',176,0),('0xf80x80(127)',177,0),('0xf80x80(257)',178,0),('0xf80x80(1025)',179,0),('0xf80x80(2049)',180,0),('0xf80x80(8193)',181,0),('0xf80x80(65537)',182,0),('0xfc0x80(5)',183,0),('0xfc0x80(17)',184,0),('0xfc0x80(33)',185,0),('0xfc0x80(65)',186,0),('0xfc0x80(127)',187,0),('0xfc0x80(257)',188,0),('0xfc0x80(1025)',189,0),('0xfc0x80(2049)',190,0),('0xfc0x80(8193)',191,0),('0xfc0x80(65537)',192,0),('0xfd(5)',193,0),('0xfd(17)',194,0),('0xfd(33)',195,0),('0xfd(65)',196,0),('0xfd(127)',197,0),('0xfd(257)',198,0),('0xfd(1025)',199,0),('0xfd(2049)',200,0),('0xfd(8193)',201,0),('0xfd(65537)',202,0),('0',203,3),('1',204,0),('-1',205,0),('31',206,0),('32',207,0),('-31',208,0),('63',209,0),('64',210,0),('127',211,0),('128',212,0),('-127',213,0),('255',214,0),('256',215,0),('-255',216,0),('1023',217,0),('1024',218,0),('4095',219,0),('4096',220,0),('16383',221,0),('16384',222,0),('65535',223,0),('65536',224,0),('-65535',225,0),('16777215',226,0),('16777216',227,0),('1073741823',228,0),('1073741824',229,0),('-1073741823',230,0),('2147483647',231,0),('2147483648',232,0),('-2147483647',233,0),('-2147483648',234,0),('2199023255551',235,0),('2199023255552',236,3),('140737488355327',237,0),('140737488355328',238,0),('36028797018963967',239,0),('36028797018963968',240,0),('4611686018427387903',241,0),('4611686018427387904',242,0),('9223372036854775807',243,0),('9223372036854775808',244,0),('340282366920938463463374607431768211456',245,0),('340282366920938463463374607431768211457',246,0),('115792089237316195423570985008687907853269984665640564039457584007913129639936',247,3),('115792089237316195423570985008687907853269984665640564039457584007913129639937',248,0),('a.(3)com',249,0),('a.(9).com',250,0),('a.(33).com',251,0),('a.(65)com',252,0),('a.(127)com',253,0),('a.(257).com',254,0),('a.(1025).com',255,0),('a.(2049)com',256,0),('a.(8193).com',257,3),('a.(65537)com',258,0),('\\t\\b\\b',259,0),('0x1b(3)',260,0),('0x1b(9)',261,0),('0x1b(33)',262,0),('0x1b(65)',263,0),('0x1b(127)',264,0),('0x1b(257)',265,0),('0x1b(1025)',266,0),('0x1b(2049)',267,0),('0x1b(8193)',268,0),('0x1b(65537)',269,0),('0x0d(3)',270,0),('0x0d(9)',271,0),('0x0d(33)',272,0),('0x0d(65)',273,0),('0x0d(127)',274,0),('0x0d(257)',275,0),('0x0d(1025)',276,0),('0x0d(2049)',277,0),('0x0d(8193)',278,0),('0x0d(65537)',279,0),('0x0a(3)',280,0),('0x0a(9)',281,0),('0x0a(33)',282,0),('0x0a(65)',283,0),('0x0a(127)',284,0),('0x0a(257)',285,0),('0x0a(1025)',286,0),('0x0a(2049)',287,0),('0x0a(8193)',288,0),('0x0a(65537)',289,0),('0x00(1)a(9)',290,0),('0x00(1)a(17)',291,0),('0x00(1)a(33)',292,0),('0x00(1)a(63)',293,0),('0x00(1)a(127)',294,0),('0x00(1)a(255)',295,0),('0x00(1)a(1024)',296,0),('0x00(1)a(16383)',297,0),('0x00(1)a(32000)',298,0),('a(1)0x00(1)a(1)',299,0),('a(9)0x00(1)a(9)',300,0),('a(17)0x00(1)a(17)',301,0),('a(33)0x00(1)a(33)',302,0),('a(63)0x00(1)a(63)',303,0),('a(127)0x00(1)a(127)',304,0),('a(255)0x00(1)a(255)',305,0),('a(1025)0x00(1)a(1025)',306,0),('a(16383)0x00(1)a(16383)',307,0),('a(32000)0x00(1)a(32000)',308,0),('a(1)0x00(1)a(32767)',309,0),('a(1)0x00(2)a(1)',310,0),('a(1)0x00(127)a(1)',311,0),('a(1)0x00(1025)a(1)',312,0),('a(1)0x00(2)a(32767)',313,3),('a(1)0x00(1)127',314,3),('a(1)0x00(1)1025',315,0),('\\(1)0x00(1)',316,0),('\\(1)0x00(2)',317,0),('\\(1)0x00(1)1025',318,0),('\\(1)0x00(2)1025',319,0),('a(63)0x00(1)',320,0),('a(127)0x00(1)',321,0),('a(255)0x00(1)',322,0),('a(1024)0x00(1)',323,0),('a(16383)0x00(1)',324,0),('a(33000)0x00(1)',325,4),('miss',326,0),('3',327,0),('9',328,0),('17',329,0),('33',330,0),('2',331,0),('8',332,0),('16',333,0),('32',334,0);
/*!40000 ALTER TABLE `value` ENABLE KEYS */;
UNLOCK TABLES;
/*!40103 SET TIME_ZONE=@OLD_TIME_ZONE */;

/*!40101 SET SQL_MODE=@OLD_SQL_MODE */;
/*!40014 SET FOREIGN_KEY_CHECKS=@OLD_FOREIGN_KEY_CHECKS */;
/*!40014 SET UNIQUE_CHECKS=@OLD_UNIQUE_CHECKS */;
/*!40101 SET CHARACTER_SET_CLIENT=@OLD_CHARACTER_SET_CLIENT */;
/*!40101 SET CHARACTER_SET_RESULTS=@OLD_CHARACTER_SET_RESULTS */;
/*!40101 SET COLLATION_CONNECTION=@OLD_COLLATION_CONNECTION */;
/*!40111 SET SQL_NOTES=@OLD_SQL_NOTES */;

-- Dump completed on 2013-05-28  0:06:38
